Name,OVR,PAC,SHO,PAS,DRI,DEF,PHY,Acceleration,Sprint Speed,Positioning,Finishing,Shot Power,Long Shots,Volleys,Penalties,Vision,Crossing,Free Kick Accuracy,Short Passing,Long Passing,Curve,Dribbling,Agility,Balance,Reactions,Ball Control,Composure,Interceptions,Heading Accuracy,Def Awareness,Standing Tackle,Sliding Tackle,Jumping,Stamina,Strength,Aggression,Position,Weak foot,Skill moves,Preferred foot,Alternative positions,Age,Nation,League,Team,play style,GK Diving,GK Handling,GK Kicking,GK Positioning,GK Reflexes,Height_CM,Weight_KG,Contribution_Score
Jude Bellingham,90,80,87,83,88,78,83,81,80,91,90,85,86,77,74,90,66,68,89,89,73,89,82,79,91,89,87,82,75,77,79,77,84,93,77,85,CAM,4,4,Right,CM,21,England,LALIGA EA SPORTS,Real Madrid,"Relentless+, Flair, Intercept, Slide Tackle, Technical",,,,,,186,75,0.535289452815226
Florian Wirtz,88,81,78,87,89,50,67,81,81,83,79,78,79,80,64,91,84,69,91,87,82,90,87,87,88,90,85,44,42,58,49,44,64,87,59,63,CAM,4,4,Right,LM,21,Germany,Bundesliga,Leverkusen,"Incisive Pass+, Chip Shot, Finesse Shot, First Touch, Flair, Technical, Trivela",,,,,,177,71,0.5687946074544012
Jamal Musiala,87,84,81,78,90,63,64,86,83,86,84,80,79,73,59,84,67,59,84,79,75,94,93,93,87,84,83,65,49,64,63,66,69,78,59,59,CAM,4,5,Right,"LM, CM",21,Germany,Bundesliga,FC Bayern München,"Technical+, Flair, Incisive Pass, Trickster",,,,,,184,72,0.4779275707110762
Paulo Dybala,87,80,85,84,89,41,65,84,76,83,84,84,86,92,88,88,83,87,84,79,89,89,88,90,84,91,87,42,65,32,42,39,77,74,67,48,CAM,3,5,Left,ST,30,Argentina,Serie A Enilive,AS Roma,"First Touch+, Dead Ball, Finesse Shot, Flair, Incisive Pass, Technical, Trivela",,,,,,177,75,0.6043904549059194
Bruno Fernandes,87,70,85,88,83,65,75,72,68,87,84,86,85,87,90,94,82,82,89,90,85,83,78,76,90,86,79,63,63,62,71,66,70,95,61,84,CAM,3,4,Right,CM,30,Portugal,Premier League,Man Utd,"Long Ball Pass+, Dead Ball, First Touch, Flair, Incisive Pass, Pinged Pass, Relentless",,,,,,179,69,0.7664304123711343
Julian Brandt,85,71,79,85,86,50,70,69,72,82,80,82,80,79,55,87,82,76,87,83,80,86,83,83,86,87,84,56,54,49,45,56,69,85,72,45,CAM,4,4,Right,"RM, CM",28,Germany,Bundesliga,Borussia Dortmund,"Tiki Taka+, Dead Ball, First Touch, Flair, Incisive Pass, Technical, Trivela",,,,,,185,83,0.4448850118953214
James Maddison,85,71,81,86,86,54,63,77,66,85,80,83,83,77,74,88,83,86,86,85,86,86,84,83,80,88,88,44,35,59,65,42,57,78,53,70,CAM,4,4,Right,RM,27,England,Premier League,Spurs,"Dead Ball, Finesse Shot, Flair, Incisive Pass, Trivela",,,,,,175,73,0.6292624900872322
Christopher Nkunku,84,81,81,81,86,60,67,82,81,83,84,80,79,70,75,82,80,80,83,79,82,87,88,90,81,86,82,60,65,62,60,50,77,75,67,55,CAM,3,5,Right,ST,26,France,Premier League,Chelsea,"Finesse Shot, First Touch, Flair, Incisive Pass, Technical, Trivela",,,,,,177,68,0.47912911830437643
Dani Olmo,84,73,77,82,87,50,57,78,69,82,77,79,78,80,66,85,78,75,86,79,75,87,86,87,86,87,82,57,43,50,50,44,60,66,54,51,CAM,4,4,Right,CM,26,Spain,LALIGA EA SPORTS,FC Barcelona,"Finesse Shot, First Touch, Flair, Incisive Pass, Technical, Tiki Taka, Trivela",,,,,,179,72,0.3877874702616977
Lorenzo Pellegrini,83,79,78,83,83,74,78,79,79,80,78,79,77,74,80,87,74,79,88,83,74,80,79,82,85,87,84,72,74,73,77,73,83,87,74,74,CAM,4,3,Right,CM,28,Italy,Serie A Enilive,AS Roma,"Finesse Shot, Incisive Pass, Press Proven",,,,,,186,77,0.3664840314324856
Xavi Simons,83,81,77,80,86,61,71,86,77,77,78,78,80,62,61,85,74,65,84,79,82,85,90,87,84,86,81,65,60,60,62,56,69,83,63,76,CAM,3,4,Right,LW,21,Holland,Bundesliga,RB Leipzig,"Finesse Shot, First Touch, Flair, Incisive Pass, Technical, Tiki Taka, Trivela",,,,,,179,61,0.3259318001586045
Isco,82,66,74,82,83,59,59,68,65,79,74,72,76,66,74,84,78,76,84,80,85,84,79,84,78,85,81,61,55,58,62,51,63,67,55,57,CAM,4,4,Right,"LM, CM",32,Spain,LALIGA EA SPORTS,Real Betis,"Finesse Shot, Flair, Incisive Pass, Technical, Trivela",,,,,,176,79,0.4385125184094256
Brahim,82,85,74,78,85,31,56,85,85,78,76,73,76,64,58,81,75,61,83,75,74,84,89,91,79,85,79,33,30,40,23,21,60,68,55,44,CAM,5,4,Right,"RW, LW",25,Morocco,LALIGA EA SPORTS,Real Madrid,"First Touch, Flair, Technical",,,,,,170,68,0.05947660586835845
Jonas Hofmann,82,73,79,81,81,64,72,74,72,83,82,74,76,85,71,85,78,75,82,78,77,81,79,78,84,83,82,75,48,70,57,57,66,87,66,70,CAM,4,3,Right,ST,32,Germany,Bundesliga,Leverkusen,"Incisive Pass, Relentless, Technical",,,,,,176,72,0.21193497224425056
Thomas Müller,82,57,82,83,79,55,68,54,60,92,84,78,79,84,70,87,85,59,84,79,81,78,67,69,91,82,89,58,79,47,57,46,73,77,66,62,CAM,4,3,Right,ST,35,Germany,Bundesliga,FC Bayern München,"Incisive Pass, Trivela",,,,,,185,76,0.18054454136928397
Sancet,82,73,77,80,84,70,82,72,74,81,77,82,75,73,70,86,75,53,84,81,81,84,85,77,84,83,85,74,80,64,74,60,86,86,80,80,CAM,4,4,Right,"CM, ST",24,Spain,LALIGA EA SPORTS,Athletic Club,"Finesse Shot, Technical, Trivela",,,,,,188,77,0.3579576648569511
Eberechi Eze,81,78,81,78,84,49,69,79,77,80,80,79,86,80,77,80,72,78,82,75,79,85,84,84,79,82,82,52,49,40,58,42,70,76,70,58,CAM,3,4,Right,"CM, LM",26,England,Premier League,Crystal Palace,"Dead Ball, Finesse Shot, Flair, Power Shot, Technical",,,,,,178,67,0.49820886543247067
Daichi Kamada,81,79,73,80,83,54,63,81,78,81,75,65,73,66,80,82,75,74,84,80,78,83,81,82,80,83,81,52,53,53,57,54,68,82,57,54,CAM,4,3,Right,CM,28,Japan,Premier League,Crystal Palace,"Flair, Incisive Pass, Technical",,,,,,184,72,0.49820886543247067
Dominik Szoboszlai,81,82,80,84,80,59,70,76,87,79,77,89,78,85,79,83,85,87,83,81,90,81,78,68,80,81,79,57,60,58,61,54,74,82,67,63,CAM,4,4,Right,CM,23,Hungary,Premier League,Liverpool,"Dead Ball, Flair, Power Shot, Technical, Trivela, Whipped Pass",,,,,,186,74,0.5241871530531325
Christoph Baumgartner,80,77,74,74,82,47,60,84,71,79,78,75,67,74,65,81,63,52,80,78,66,83,82,79,78,81,77,38,71,34,56,51,73,74,49,65,CAM,3,4,Right,ST,25,Austria,Bundesliga,RB Leipzig,"First Touch, Flair, Technical",,,,,,180,73,0.1475019825535292
Virgil van Dijk,89,78,60,71,71,89,86,66,87,47,52,81,64,45,62,67,53,70,80,86,60,70,54,50,88,77,90,88,87,90,91,86,89,72,93,85,CB,3,2,Right,,33,Holland,Premier League,Liverpool,"Aerial+, Anticipate, Block, Bruiser, Jockey, Long Ball Pass, Power Header",,,,,,193,92,1.0
Rúben Dias,88,67,39,70,69,89,87,65,68,39,29,74,26,32,45,64,54,48,85,81,46,64,62,56,89,75,86,87,87,90,90,87,88,78,90,88,CB,4,2,Right,,27,Portugal,Premier League,Manchester City,"Bruiser+, Power Header",,,,,,187,82,0.5404724141837549
Antonio Rüdiger,88,82,55,73,70,86,86,71,91,54,40,84,67,34,40,61,68,56,84,81,50,69,56,50,86,74,80,85,83,86,88,87,89,70,91,92,CB,3,2,Right,,31,Germany,LALIGA EA SPORTS,Real Madrid,"Bruiser+, Acrobatic, Aerial, Block, Jockey",,,,,,190,86,0.41633624107850914
William Saliba,87,82,39,70,74,87,83,77,86,43,35,60,23,34,47,62,58,35,84,78,55,74,53,46,86,82,85,86,79,88,89,86,89,72,87,83,CB,3,2,Right,,23,France,Premier League,Arsenal,"Anticipate+, Jockey",,,,,,193,85,0.578707375099128
Marquinhos,87,79,56,75,74,89,81,76,81,70,59,65,45,35,52,76,68,32,84,85,58,69,68,67,86,79,86,89,88,90,89,88,89,83,79,81,CB,3,3,Right,,30,Brazil,Ligue 1 McDonald's,Paris SG,"Intercept+, Aerial, Anticipate, Jockey, Power Header",,,,,,183,75,0.5440126883425858
Alessandro Bastoni,87,75,43,75,76,87,83,72,78,39,34,59,48,44,50,72,72,41,80,84,64,74,64,61,87,83,85,88,86,87,87,85,89,81,83,83,CB,3,2,Left,,25,Italy,Serie A Enilive,Lombardia FC,"Intercept+, Anticipate, Jockey, Long Ball Pass, Pinged Pass",,,,,,190,75,0.4669133844391577
Gabriel,86,69,41,63,61,86,82,61,76,44,37,62,30,28,40,59,38,27,80,76,47,54,51,37,85,71,74,86,87,87,86,86,86,71,86,87,CB,2,2,Left,,26,Brazil,Premier League,Arsenal,"Bruiser+, Aerial, Power Header",,,,,,190,87,0.5192307692307695
Jonathan Tah,86,71,38,60,62,86,84,53,86,36,32,60,26,53,38,56,39,27,78,68,37,60,49,40,84,67,79,83,87,87,87,81,86,69,92,83,CB,3,2,Right,,28,Germany,Bundesliga,Leverkusen,Aerial,,,,,,195,94,0.44984139571768433
Bremer,86,82,50,58,66,86,85,78,86,58,49,68,39,38,43,45,46,24,75,69,42,62,65,67,79,68,78,84,87,87,87,84,94,75,89,84,CB,2,2,Right,,27,Brazil,Serie A Enilive,Juventus,"Aerial, Block, Bruiser, Intercept, Long Ball Pass, Power Header",,,,,,187,84,0.48949246629659027
David Alaba,85,79,71,83,80,85,77,78,79,73,62,82,78,67,79,78,83,85,88,80,76,77,76,78,88,83,84,87,77,89,84,83,86,73,78,77,CB,4,3,Left,LB,32,Austria,LALIGA EA SPORTS,Real Madrid,"Anticipate, Dead Ball, Long Ball Pass",,,,,,180,78,0.2379064234734338
Ronald Araujo,85,82,53,64,62,85,84,76,86,56,56,68,35,38,43,59,58,45,75,66,47,55,56,55,84,68,76,85,85,84,85,85,92,72,87,87,CB,3,2,Right,RB,25,Uruguay,LALIGA EA SPORTS,FC Barcelona,"Block+, Acrobatic, Anticipate, Jockey, Power Header, Slide Tackle",,,,,,188,79,0.44726407613005614
Éder Militão,85,85,50,69,71,85,82,81,88,64,48,62,42,34,60,59,69,40,78,76,60,70,70,62,84,72,76,85,86,85,86,85,91,85,79,83,CB,3,2,Right,,26,Brazil,LALIGA EA SPORTS,Real Madrid,"Aerial, Block, Intercept, Long Ball Pass, Power Header",,,,,,186,78,0.2379064234734338
Nico Schlotterbeck,85,77,59,70,73,85,82,78,76,58,51,75,66,56,38,72,53,41,78,85,52,74,68,64,83,71,78,83,85,85,87,86,91,74,84,83,CB,2,2,Left,,24,Germany,Bundesliga,Borussia Dortmund,"Slide Tackle+, Anticipate, Block, Jockey, Long Ball Pass, Power Header",,,,,,191,86,0.4448850118953214
John Stones,85,69,58,75,79,85,77,68,69,58,54,68,61,44,52,78,63,37,85,79,62,79,68,67,87,83,88,84,84,86,86,84,84,74,77,80,CB,4,3,Right,"CDM, RB",30,England,Premier League,Manchester City,"Aerial, Long Throw",,,,,,188,76,0.36204259657867954
Francesco Acerbi,84,60,50,64,65,86,80,61,59,20,37,75,60,39,61,65,34,56,76,79,58,65,38,33,83,72,86,84,84,87,89,83,86,68,85,80,CB,3,3,Left,,36,Italy,Serie A Enilive,Lombardia FC,"Aerial, Intercept, Jockey",,,,,,192,88,0.28848356683408233
Manuel Akanji,84,78,48,71,75,85,82,76,80,37,38,75,48,42,40,65,55,59,83,80,54,76,66,54,86,78,83,84,79,86,86,84,90,71,86,82,CB,4,2,Right,,29,Switzerland,Premier League,Manchester City,,,,,,,187,91,0.3025659907103211
Nathan Aké,84,76,53,72,75,84,77,77,75,51,48,64,56,52,53,68,63,59,81,75,64,73,67,68,84,79,79,83,82,84,85,84,88,71,78,80,CB,3,2,Left,LB,29,Holland,Premier League,Manchester City,,,,,,,180,75,0.3025659907103211
Matthijs de Ligt,84,62,61,63,67,85,83,54,68,44,50,84,75,45,40,45,52,55,77,76,48,65,52,62,84,72,82,82,85,85,85,86,86,64,91,85,CB,3,2,Right,,25,Holland,Premier League,Man Utd,"Block, Bruiser, Long Ball Pass, Power Shot",,,,,,189,89,0.5880005947660589
Lisandro Martínez,84,71,59,78,79,85,81,74,68,62,52,73,64,56,55,76,75,55,83,83,77,76,77,82,84,81,87,85,75,86,87,84,84,75,79,91,CB,4,3,Left,,26,Argentina,Premier League,Man Utd,"Bruiser, Long Ball Pass, Slide Tackle",,,,,,178,77,0.5880005947660589
Benjamin Pavard,84,75,67,75,75,86,81,74,76,68,60,80,70,81,51,69,76,51,80,79,67,73,71,70,86,78,80,86,84,85,87,84,88,84,80,78,CB,3,3,Right,RB,28,France,Serie A Enilive,Lombardia FC,"Jockey+, Intercept",,,,,,186,81,0.28848356683408233
Rodri,91,66,80,86,84,87,85,65,66,76,74,92,89,71,62,84,76,64,93,91,86,84,66,67,93,90,94,84,81,92,87,82,83,91,83,85,CDM,4,3,Right,CM,28,Spain,Premier League,Manchester City,"Tiki Taka+, Aerial, Bruiser, Long Ball Pass, Power Shot, Press Proven",,,,,,191,82,0.7189022317888303
Declan Rice,87,73,72,82,79,84,85,71,75,71,64,84,82,50,71,79,79,65,85,86,81,82,55,65,85,84,86,86,72,85,86,85,82,92,81,85,CDM,3,3,Right,CM,25,England,Premier League,Arsenal,"Block, Intercept, Long Ball Pass, Press Proven",,,,,,185,80,0.578707375099128
Granit Xhaka,86,50,75,85,74,79,82,48,52,76,67,90,84,55,65,84,77,78,89,90,80,73,51,61,86,83,81,79,68,82,79,78,70,83,78,93,CDM,3,3,Left,CM,31,Switzerland,Bundesliga,Leverkusen,"Long Ball Pass+, Bruiser, Finesse Shot, Incisive Pass, Power Shot, Slide Tackle",,,,,,186,80,0.44984139571768433
Hakan Çalhanoğlu,86,71,80,87,85,79,76,74,68,74,75,86,87,74,90,89,78,85,89,89,88,84,83,80,86,88,85,82,65,80,81,78,76,81,72,80,CDM,5,4,Right,CM,30,Turkey,Serie A Enilive,Lombardia FC,"Incisive Pass+, Anticipate, First Touch, Technical",,,,,,178,69,0.40743677857079924
Bruno Guimarães,85,68,75,83,84,79,83,69,68,78,72,79,82,66,65,85,76,62,87,87,81,85,78,84,84,85,87,80,66,78,82,79,77,88,79,87,CDM,2,3,Right,CM,26,Brazil,Premier League,Newcastle Utd,"Trivela+, Flair, Incisive Pass, Long Ball Pass, Press Proven",,,,,,182,74,0.578707375099128
Palhinha,85,52,68,72,74,85,90,54,50,69,66,81,67,55,57,72,60,45,79,80,66,77,51,50,79,80,84,86,81,83,88,87,84,87,90,95,CDM,4,2,Right,CM,29,Portugal,Bundesliga,FC Bayern München,"Bruiser+, Long Ball Pass, Slide Tackle",,,,,,190,83,0.3589743589743593
Aurélien Tchouaméni,85,73,69,79,78,82,82,74,72,74,65,78,75,50,55,82,68,53,85,84,76,78,72,70,83,81,83,84,75,83,83,80,84,83,82,80,CDM,3,3,Right,"CM, CB",24,France,LALIGA EA SPORTS,Real Madrid,"Aerial, Anticipate, Bruiser, Intercept, Jockey, Long Ball Pass, Relentless",,,,,,188,82,0.2379064234734338
Sandro Tonali,85,84,74,81,81,82,82,81,86,75,69,82,83,68,64,79,78,81,85,83,75,78,81,83,83,85,84,84,70,83,84,81,84,80,82,84,CDM,4,3,Right,CM,24,Italy,Premier League,Newcastle Utd,"Long Ball Pass, Relentless, Slide Tackle",,,,,,181,79,0.578707375099128
Casemiro,84,38,74,77,69,82,82,35,40,71,69,82,78,77,66,77,68,70,83,81,75,68,48,51,83,77,79,82,80,81,84,83,75,73,84,91,CDM,3,2,Right,CM,32,Brazil,Premier League,Man Utd,"Block, Bruiser, Long Ball Pass, Slide Tackle",,,,,,185,84,0.5880005947660589
Robert Andrich,83,54,77,76,73,83,83,59,50,68,74,84,85,70,62,73,71,76,80,78,78,74,63,59,83,76,75,84,74,85,86,79,80,77,84,91,CDM,4,2,Right,"CM, CB",29,Germany,Bundesliga,Leverkusen,"Bruiser, Power Shot, Relentless",,,,,,186,85,0.271411578112609
Ismaël Bennacer,83,77,73,82,85,78,75,81,74,75,67,85,74,64,72,80,78,75,85,83,79,84,86,89,83,85,87,81,62,79,82,77,77,78,69,86,CDM,3,3,Left,"CM, CAM",26,Algeria,Serie A Enilive,Milano FC,"Incisive Pass, Technical, Tiki Taka",,,,,,175,70,0.2870432501677544
Konrad Laimer,83,80,69,77,77,82,78,82,79,73,69,74,68,60,54,76,78,47,81,78,70,75,76,77,84,78,79,87,67,86,81,79,80,81,71,89,CDM,3,3,Right,"CM, RB",27,Austria,Bundesliga,FC Bayern München,"Block+, Bruiser, Relentless",,,,,,180,72,0.24002114723764242
Manuel Locatelli,83,64,70,80,78,79,80,61,67,68,62,79,82,70,60,82,73,64,85,83,73,79,65,60,80,83,82,78,68,80,83,75,74,90,76,77,CDM,4,3,Right,CM,26,Italy,Serie A Enilive,Juventus,"Anticipate, Long Ball Pass, Relentless",,,,,,185,75,0.3110626486915149
Koke,83,69,72,84,79,77,78,70,68,76,69,82,75,57,67,85,85,77,85,83,84,77,70,81,82,83,84,82,61,78,81,70,74,85,75,78,CDM,4,3,Right,CM,32,Spain,LALIGA EA SPORTS,Atlético de Madrid,"Long Ball Pass, Relentless",,,,,,176,75,0.27526654330778094
Guido Rodríguez,83,51,58,72,70,85,80,55,47,68,43,80,69,47,53,73,59,62,82,75,55,72,47,45,80,76,71,86,74,86,88,85,77,76,80,84,CDM,4,2,Right,CM,29,Argentina,Premier League,West Ham,"Anticipate+, Bruiser, Slide Tackle, Tiki Taka",,,,,,185,80,0.49775310600052874
Moisés Caicedo,82,75,63,75,78,79,78,77,73,62,57,71,71,55,55,77,58,55,84,82,65,76,76,79,80,82,80,82,60,80,82,80,76,84,72,84,CDM,3,3,Right,CM,22,Ecuador,Premier League,Chelsea,"Anticipate, Intercept, Pinged Pass, Press Proven, Relentless, Slide Tackle, Tiki Taka",,,,,,178,73,0.3601759065676595
Emre Can,82,77,78,74,76,82,86,67,86,72,74,85,80,73,81,74,64,64,81,74,77,75,69,74,79,78,83,80,82,79,85,85,88,80,86,91,CDM,4,3,Right,CB,30,Germany,Bundesliga,Borussia Dortmund,"Bruiser, Long Ball Pass, Pinged Pass, Press Proven, Slide Tackle",,,,,,186,86,0.2664551942902461
Jorginho,82,46,67,83,80,73,71,54,39,69,65,71,61,68,89,83,75,76,88,87,75,79,67,72,82,86,84,79,56,71,78,70,63,79,66,77,CDM,3,3,Right,CM,32,Italy,Premier League,Arsenal,"Anticipate, First Touch, Incisive Pass, Pinged Pass, Press Proven",,,,,,178,68,0.28132434575733567
Yangel Herrera,82,64,77,76,78,80,81,66,63,80,77,82,79,60,60,80,67,56,82,80,65,80,68,69,80,81,72,80,77,81,81,78,83,80,81,81,CDM,3,3,Right,CM,26,Venezuela,LALIGA EA SPORTS,Girona FC,"Flair, Incisive Pass",,,,,,184,77,0.4128591471969749
Boubacar Kamara,82,66,54,74,75,83,80,64,68,52,47,67,63,28,63,73,64,47,84,77,59,73,66,65,75,80,86,85,72,83,85,80,79,81,80,78,CDM,3,3,Right,CM,24,France,Premier League,Aston Villa,"Block, Intercept",,,,,,184,68,0.4342641894188287
Kevin De Bruyne,90,67,87,94,87,65,78,67,67,88,84,92,90,83,83,95,95,83,94,93,93,86,75,78,92,92,88,66,55,66,70,53,71,88,75,75,CM,5,4,Right,CAM,33,Belgium,Premier League,Manchester City,"Incisive Pass+, Dead Ball, Long Ball Pass, Pinged Pass, Trivela, Whipped Pass",,,,,,181,75,0.6594256259204718
Martin Ødegaard,89,70,82,89,89,67,66,72,69,84,83,82,84,79,68,91,86,85,91,89,84,89,85,83,91,91,87,69,55,68,72,57,66,88,56,64,CM,2,5,Left,CAM,25,Norway,Premier League,Arsenal,"Incisive Pass+, First Touch, Flair, Pinged Pass, Technical, Trivela, Whipped Pass",,,,,,178,68,0.6976605868358449
Federico Valverde,88,88,82,84,84,80,84,84,91,86,78,91,87,74,59,86,78,69,87,88,74,83,77,68,89,88,84,83,63,79,85,80,83,92,82,81,CM,4,3,Right,RM,26,Uruguay,LALIGA EA SPORTS,Real Madrid,"Power Shot+, Long Ball Pass, Rapid, Relentless, Trivela",,,,,,182,78,0.41633624107850914
Bernardo Silva,88,75,78,86,92,71,69,83,69,85,78,79,79,78,64,87,84,67,91,82,84,93,95,92,89,92,89,73,54,70,76,68,68,93,54,78,CM,3,4,Left,RW,30,Portugal,Premier League,Manchester City,"Technical+, Flair, Relentless, Tiki Taka, Trivela, Whipped Pass",,,,,,173,64,0.5404724141837549
Frenkie de Jong,87,82,69,86,87,77,78,80,83,77,72,68,66,70,53,88,78,64,91,89,84,87,87,79,88,89,90,82,72,76,76,77,82,89,74,74,CM,3,4,Right,CDM,27,Holland,LALIGA EA SPORTS,FC Barcelona,"Trivela+, Flair, Incisive Pass, Long Ball Pass, Press Proven, Tiki Taka",,,,,,181,74,0.5662172878667731
İlkay Gündoğan,87,62,83,85,87,74,73,65,60,86,85,81,84,75,80,86,77,80,89,85,86,88,77,77,86,91,87,78,50,77,78,67,67,75,73,70,CM,4,4,Right,CDM,33,Germany,Premier League,Manchester City,"First Touch+, Incisive Pass, Press Proven, Tiki Taka",,,,,,180,80,0.48099580831539646
Nicolò Barella,87,81,78,83,86,80,82,85,78,83,76,80,79,80,73,84,79,67,88,85,79,82,91,92,90,88,86,84,60,80,83,81,79,93,74,87,CM,4,3,Right,CDM,27,Italy,Serie A Enilive,Lombardia FC,"Relentless+, Anticipate, Intercept, Pinged Pass, Press Proven, Slide Tackle",,,,,,172,68,0.4669133844391577
Luka Modrić,86,72,76,88,87,71,64,75,69,76,72,79,82,76,83,90,86,78,90,90,85,84,92,92,85,90,91,79,55,70,73,72,67,76,58,62,CM,4,4,Right,"CAM, CDM",39,Croatia,LALIGA EA SPORTS,Real Madrid,"Trivela+, Incisive Pass, Long Ball Pass, Technical, Whipped Pass",,,,,,172,66,0.2973830293417922
Alexis Mac Allister,86,69,82,85,84,76,76,71,67,80,79,88,82,77,86,86,79,82,87,86,83,84,82,83,85,86,84,78,61,77,79,73,72,87,69,83,CM,3,3,Right,CDM,25,Argentina,Premier League,Liverpool,"Pinged Pass+, Dead Ball, Incisive Pass, Power Shot, Press Proven",,,,,,176,72,0.8215701823949246
Pedri,86,77,69,82,88,70,74,79,76,79,72,68,68,56,53,88,68,62,88,86,79,87,88,90,87,88,87,73,50,68,77,65,73,87,73,62,CM,4,4,Right,LW,21,Spain,LALIGA EA SPORTS,FC Barcelona,"Incisive Pass+, First Touch, Long Ball Pass, Relentless, Technical, Tiki Taka",,,,,,174,60,0.5067406819984146
Vitinha,85,72,77,84,87,73,68,75,69,77,77,76,83,62,73,85,78,68,88,85,81,87,91,88,85,87,88,80,52,74,77,68,66,81,59,77,CM,3,3,Right,CDM,24,Portugal,Ligue 1 McDonald's,Paris SG,"Tiki Taka+, Finesse Shot, Intercept, Technical",,,,,,172,64,0.4250594766058689
Mikel Merino,85,72,79,82,82,83,82,72,72,83,79,85,79,58,70,83,77,69,86,84,80,83,74,73,86,85,80,85,87,80,84,76,88,83,80,83,CM,3,3,Left,CAM,28,Spain,Premier League,Arsenal,"Aerial, Incisive Pass, Power Shot, Relentless",,,,,,189,83,0.45975416336241104
Rodrigo De Paul,84,76,77,83,82,76,82,77,76,78,76,80,78,71,66,86,78,76,85,85,84,82,78,78,81,85,81,80,58,75,81,75,77,92,78,83,CM,3,4,Right,CDM,30,Argentina,LALIGA EA SPORTS,Atlético de Madrid,"Finesse Shot, Incisive Pass, Long Ball Pass, Technical",,,,,,180,70,0.33474314917613934
Aleix García,84,67,77,85,84,76,68,68,66,81,77,78,80,66,60,86,83,80,86,88,84,84,76,85,82,87,84,77,51,79,81,76,65,78,65,65,CM,3,3,Right,CDM,27,Spain,Bundesliga,Leverkusen,"Press Proven+, Dead Ball, Tiki Taka",,,,,,173,68,0.3308881839809675
Exequiel Palacios,84,69,76,79,82,82,73,71,68,79,73,81,79,63,72,82,70,54,85,84,73,82,78,79,84,83,83,86,67,80,86,80,73,78,67,84,CM,4,3,Right,CDM,25,Argentina,Bundesliga,Leverkusen,"Anticipate, Intercept",,,,,,178,69,0.3308881839809675
Marcel Sabitzer,84,76,84,81,82,75,79,78,74,86,81,88,87,84,80,82,77,78,84,82,77,81,78,78,86,84,84,81,60,76,78,70,72,85,76,79,CM,4,3,Right,"CAM, CDM",30,Austria,Bundesliga,Borussia Dortmund,"Finesse Shot, Pinged Pass, Power Shot, Trivela",,,,,,178,76,0.38540840602696297
Eduardo Camavinga,83,80,67,81,84,78,80,81,80,73,64,73,70,59,62,83,77,59,86,84,72,84,82,81,82,86,84,82,64,76,82,81,82,84,79,79,CM,3,4,Left,"CDM, LB",21,France,LALIGA EA SPORTS,Real Madrid,"Block, Bruiser, Flair, Jockey, Technical",,,,,,182,68,0.1189532117367169
Leon Goretzka,83,70,80,80,81,80,85,73,68,79,79,85,84,71,60,82,75,73,83,82,76,82,74,73,85,81,83,84,86,74,83,76,86,78,89,83,CM,4,3,Right,CDM,29,Germany,Bundesliga,FC Bayern München,"Bruiser, Incisive Pass, Power Shot",,,,,,189,82,0.24002114723764242
Teun Koopmeiners,83,66,78,83,78,75,78,64,67,80,75,82,83,69,85,84,79,77,86,85,74,76,66,70,84,84,81,78,73,76,74,73,77,87,75,72,CM,2,3,Left,CAM,26,Holland,Serie A Enilive,Juventus,"Anticipate, Relentless",,,,,,183,77,0.3110626486915149
Mateo Kovačić,83,69,67,82,87,71,70,75,64,75,58,78,76,76,59,82,73,70,89,84,78,87,86,84,84,88,84,76,42,73,75,68,63,75,66,77,CM,4,4,Right,CDM,30,Croatia,Premier League,Manchester City,"Flair, Incisive Pass, Pinged Pass, Press Proven",,,,,,177,80,0.24308938484196266
Gianluigi Donnarumma,89,90,84,73,90,52,87,50,55,14,12,55,18,8,24,60,12,14,36,34,12,28,57,38,84,30,65,26,12,21,14,16,73,41,75,30,GK,3,1,Right,,25,Italy,Ligue 1 McDonald's,Paris SG,"Deflector+, Footwork",90.0,84.0,73.0,87.0,90.0,196,90,0.6629659000793027
Alisson,89,86,85,85,89,56,90,60,49,13,13,64,14,20,23,66,17,18,60,58,19,27,40,37,87,42,66,11,29,15,19,16,82,32,78,27,GK,3,1,Right,,31,Brazil,Premier League,Liverpool,"Deflector+, 1v1 Close Down, Far Throw",86.0,85.0,85.0,90.0,89.0,193,91,1.0
Thibaut Courtois,89,85,89,76,90,46,88,42,52,13,14,57,17,12,27,44,14,20,33,35,19,13,63,45,88,23,66,15,13,20,18,16,68,38,70,23,GK,3,1,Left,,32,Belgium,LALIGA EA SPORTS,Real Madrid,"1v1 Close Down+, Cross Claimer, Far Throw",85.0,89.0,76.0,88.0,90.0,200,96,0.4758128469468676
Marc-André ter Stegen,89,86,85,89,91,47,86,45,50,11,14,67,10,14,25,70,18,12,61,63,18,21,39,43,85,30,70,22,11,25,13,10,72,35,78,43,GK,4,1,Right,,32,Germany,LALIGA EA SPORTS,FC Barcelona,"Footwork+, 1v1 Close Down",86.0,85.0,89.0,86.0,91.0,187,85,0.68517049960349
Ederson,88,87,82,91,87,64,86,64,63,20,14,68,18,18,65,70,20,20,65,68,39,30,60,48,88,45,70,27,14,29,15,8,79,44,78,38,GK,3,1,Left,,31,Brazil,Premier League,Manchester City,"Long Ball Pass+, Cross Claimer, Pinged Pass",87.0,82.0,91.0,86.0,87.0,188,86,0.5404724141837549
Jan Oblak,88,85,90,78,87,46,86,42,53,11,11,59,12,13,11,67,13,14,43,40,13,12,64,48,85,30,68,24,15,27,14,18,72,42,78,36,GK,3,1,Right,,31,Slovenia,LALIGA EA SPORTS,Atlético de Madrid,"Far Reach+, Cross Claimer, Far Throw",85.0,90.0,78.0,86.0,87.0,188,87,0.5726495726495732
Gregor Kobel,88,87,86,73,89,44,87,38,52,10,10,55,10,10,12,59,13,12,39,33,13,24,37,29,86,34,66,14,13,15,15,15,71,30,81,24,GK,3,1,Right,,26,Switzerland,Bundesliga,Borussia Dortmund,"1v1 Close Down+, Deflector, Far Throw",87.0,86.0,73.0,87.0,89.0,195,88,0.6233148295003967
Mike Maignan,87,84,83,85,88,64,84,65,62,15,15,64,20,16,15,65,18,16,64,61,38,30,60,56,85,40,68,25,17,23,16,19,82,39,83,35,GK,4,1,Right,,29,France,Serie A Enilive,Milano FC,"Deflector+, Cross Claimer, Far Throw",84.0,83.0,85.0,84.0,88.0,191,89,0.5249496736411882
Emiliano Martínez,87,84,82,83,86,56,87,55,57,12,16,62,16,13,43,67,22,20,61,59,22,23,54,49,84,43,69,21,26,25,20,20,79,40,78,37,GK,4,1,Right,,32,Argentina,Premier League,Aston Villa,"1v1 Close Down+, Footwork",84.0,82.0,83.0,87.0,86.0,195,88,0.731647218760621
Yann Sommer,87,83,84,85,89,50,86,48,54,15,13,64,12,8,24,64,13,13,40,36,12,15,55,58,84,25,54,21,10,9,19,12,68,45,68,38,GK,4,1,Right,,35,Switzerland,Serie A Enilive,Lombardia FC,Far Reach+,83.0,84.0,85.0,86.0,89.0,183,77,0.4669133844391577
Unai Simón,86,85,81,78,86,49,85,48,50,14,14,59,13,17,24,48,16,14,38,34,20,12,37,47,82,16,46,26,18,11,18,12,74,44,76,29,GK,3,1,Right,,27,Spain,LALIGA EA SPORTS,Athletic Club,"1v1 Close Down, Footwork, Long Ball Pass, Pinged Pass",85.0,81.0,78.0,85.0,86.0,190,89,0.5958640883303848
Manuel Neuer,86,83,81,90,83,49,88,48,50,12,13,68,16,11,49,70,15,11,60,68,14,30,51,35,84,44,70,30,25,17,10,11,77,43,80,29,GK,4,1,Right,,38,Germany,Bundesliga,FC Bayern München,"Pinged Pass+, Far Throw, Long Ball Pass",83.0,81.0,90.0,88.0,83.0,193,93,0.41845096484271777
Giorgi Mamardashvili,85,86,83,72,85,48,85,48,48,8,9,54,7,7,11,34,13,10,20,20,11,11,40,26,74,22,26,8,14,5,12,10,71,45,74,25,GK,3,1,Left,,23,Georgia,LALIGA EA SPORTS,Valencia CF,"Cross Claimer, Far Throw",86.0,83.0,72.0,85.0,85.0,199,88,0.7863958455910566
Lukáš Hrádecký,84,85,80,69,87,40,82,38,44,9,11,52,14,9,20,53,11,15,30,33,11,10,43,39,82,20,45,18,11,10,10,13,60,34,55,31,GK,3,1,Right,,34,Finland,Bundesliga,Leverkusen,,85.0,80.0,69.0,82.0,87.0,192,85,0.3308881839809675
Álex Remiro,84,84,79,80,86,42,86,40,46,11,13,60,11,15,24,35,12,17,36,29,14,19,70,40,79,26,55,20,13,14,17,18,68,42,73,34,GK,4,1,Right,,29,Spain,LALIGA EA SPORTS,Real Sociedad,"Far Throw, Footwork",84.0,79.0,80.0,86.0,86.0,192,79,0.6848423528124914
Guglielmo Vicario,84,84,80,79,87,52,84,54,49,13,6,59,5,7,13,69,11,10,58,55,14,22,56,38,82,44,63,15,11,23,11,13,67,38,60,35,GK,4,1,Right,,27,Italy,Premier League,Spurs,Footwork,84.0,80.0,79.0,84.0,87.0,194,76,0.5697858842188739
André Onana,83,83,75,87,86,61,79,62,60,11,12,65,17,13,27,68,15,17,57,58,30,26,66,53,83,40,65,15,20,12,18,14,79,40,78,38,GK,3,1,Right,,28,Cameroon,Premier League,Man Utd,"1v1 Close Down, Footwork",83.0,75.0,87.0,79.0,86.0,190,93,0.5285239888977005
Jordan Pickford,83,83,78,88,87,53,80,57,47,18,19,66,13,20,48,69,17,16,59,61,18,15,57,55,77,42,65,24,18,21,20,12,75,42,72,45,GK,4,1,Left,,30,England,Premier League,Everton,"Far Throw, Footwork, Long Ball Pass",83.0,78.0,88.0,80.0,87.0,185,77,0.8540840602696272
Nick Pope,83,82,82,75,85,49,82,50,47,13,14,56,15,14,22,50,11,12,42,52,13,15,36,42,80,25,63,23,11,19,15,14,71,37,75,36,GK,3,1,Right,,32,England,Premier League,Newcastle Utd,Footwork,82.0,82.0,75.0,82.0,85.0,199,76,0.45975416336241104
Ivan Provedel,83,84,79,80,85,42,84,44,40,16,17,60,20,14,22,63,21,13,61,56,13,16,38,44,75,22,68,22,23,22,22,21,65,28,56,27,GK,2,1,Right,,30,Italy,Serie A Enilive,Latium,"Deflector, Far Throw, Footwork",84.0,79.0,80.0,84.0,85.0,192,84,0.48311997281069446
Theo Hernández,87,95,76,78,84,81,89,95,95,80,71,86,76,80,75,75,84,75,81,70,80,84,83,81,85,85,80,80,77,78,86,80,95,92,88,86,LB,3,4,Left,LM,26,France,Serie A Enilive,Milano FC,"Bruiser+, Anticipate, Long Throw, Quick Step, Rapid, Relentless",,,,,,184,81,0.5249496736411882
Andrew Robertson,85,78,61,82,79,81,78,79,78,78,55,76,65,32,55,82,87,71,83,76,82,78,75,74,85,82,83,81,67,82,83,81,76,93,67,85,LB,2,3,Left,,30,Scotland,Premier League,Liverpool,"Relentless+, Rapid, Whipped Pass",,,,,,178,64,0.7620935765265662
Federico Dimarco,84,80,77,84,83,78,81,83,78,83,72,81,84,77,70,79,87,82,85,81,88,83,80,84,83,86,78,80,65,79,80,79,82,85,78,81,LB,4,3,Left,LM,26,Italy,Serie A Enilive,Lombardia FC,"Finesse Shot, First Touch, Incisive Pass, Long Ball Pass, Power Shot, Whipped Pass",,,,,,174,76,0.28848356683408233
Ferland Mendy,84,89,64,76,76,81,85,88,89,77,63,69,64,50,49,75,77,45,80,77,72,75,80,79,81,76,77,81,72,80,83,82,90,89,84,81,LB,5,4,Left,,29,France,LALIGA EA SPORTS,Real Madrid,"Block, Rapid",,,,,,180,73,0.17842981760507534
Joško Gvardiol,83,79,69,74,78,83,83,80,79,67,64,81,72,60,61,68,72,59,80,76,74,79,68,67,84,81,81,82,78,83,84,84,90,79,83,86,LB,4,3,Left,CB,22,Croatia,Premier League,Manchester City,"Block+, Jockey, Long Ball Pass, Pinged Pass, Power Header",,,,,,185,80,0.24308938484196266
Nuno Mendes,83,89,58,76,82,78,76,91,88,77,45,80,63,54,45,72,81,59,79,72,73,81,82,84,81,82,80,78,72,77,79,80,86,81,73,74,LB,4,3,Left,,22,Portugal,Ligue 1 McDonald's,Paris SG,"Pinged Pass, Quick Step, Rapid, Whipped Pass",,,,,,180,70,0.306106264869152
Marc Cucurella,82,75,60,80,80,78,76,78,73,76,55,70,60,55,57,77,81,63,83,79,79,79,82,83,81,82,78,78,68,78,81,78,76,88,67,81,LB,3,3,Left,,26,Spain,Premier League,Chelsea,"Acrobatic, Block, Intercept, Jockey, Press Proven, Relentless",,,,,,173,67,0.3601759065676595
Alphonso Davies,82,95,66,77,84,72,76,96,95,77,64,74,63,59,54,77,83,44,82,71,72,85,85,83,83,84,78,78,69,69,73,73,86,80,75,72,LB,3,4,Left,LM,23,Canada,Bundesliga,FC Bayern München,"Quick Step, Rapid",,,,,,185,77,0.18054454136928397
Gayà,82,81,61,77,79,78,74,79,82,75,61,62,59,58,60,76,80,49,79,75,80,77,82,80,82,80,76,80,58,79,81,83,73,86,67,77,LB,3,4,Left,,29,Spain,LALIGA EA SPORTS,Valencia CF,"Anticipate, Technical",,,,,,172,66,0.6079660279859813
Raphaël Guerreiro,82,63,78,85,88,76,56,78,51,79,78,79,83,79,54,85,85,82,89,78,85,87,90,90,88,89,87,85,42,79,78,77,50,79,49,44,LB,2,4,Left,CM,30,Portugal,Bundesliga,FC Bayern München,"Tiki Taka+, First Touch, Flair, Intercept, Technical, Trivela",,,,,,170,71,0.18054454136928397
Luke Shaw,82,75,57,82,78,81,78,72,77,78,46,80,56,65,38,80,85,67,84,77,84,78,66,74,80,82,83,83,76,80,83,79,84,73,77,85,LB,2,3,Left,CB,29,England,Premier League,Man Utd,Jockey,,,,,,181,75,0.46904738302934207
Destiny Udogie,82,88,65,74,80,78,80,86,89,79,64,74,59,58,46,75,80,51,79,65,64,82,78,70,79,81,78,81,69,77,79,76,85,83,78,81,LB,3,3,Left,,21,Italy,Premier League,Spurs,"Quick Step, Whipped Pass",,,,,,186,73,0.4508326724821569
Balde,81,91,48,73,78,75,64,90,91,63,51,53,39,32,41,72,79,28,80,70,56,77,81,74,78,80,64,75,66,72,80,79,79,75,63,47,LB,4,3,Left,"RB, LM",20,Spain,LALIGA EA SPORTS,FC Barcelona,"Anticipate, Jockey, Quick Step",,,,,,175,69,0.20935765265662235
Ferdi Kadıoğlu,81,88,65,75,85,75,76,90,87,73,63,69,69,64,52,75,72,64,79,71,74,86,90,88,78,83,78,73,62,77,77,78,75,91,73,64,LB,4,4,Right,RB,24,Turkey,Premier League,Brighton,"First Touch, Jockey, Quick Step, Rapid, Relentless, Whipped Pass",,,,,,174,73,0.49354768942397803
David Raum,81,85,61,81,78,73,78,86,84,65,59,64,66,55,49,79,88,70,80,77,85,79,77,77,75,79,77,73,60,73,77,76,81,91,75,69,LB,2,3,Left,LM,26,Germany,Bundesliga,RB Leipzig,"Dead Ball, Rapid, Trivela, Whipped Pass",,,,,,180,75,0.20697858842188763
Pervis Estupiñán,80,78,57,75,79,77,75,78,78,70,48,67,65,38,65,72,83,40,80,72,73,80,74,73,77,82,75,77,70,75,81,76,80,81,73,73,LB,3,3,Left,,26,Ecuador,Premier League,Brighton,Rapid,,,,,,175,79,0.4340710835556196
Javi Galán,80,79,56,74,79,77,72,81,77,66,50,72,56,51,48,60,79,70,79,78,72,81,75,76,76,80,68,74,74,77,80,81,81,77,64,82,LB,2,4,Left,,29,Spain,LALIGA EA SPORTS,Atlético de Madrid,"Anticipate, Rapid",,,,,,172,70,0.09683672570270557
Miguel Gutiérrez,80,81,64,76,80,75,72,83,80,79,65,70,63,40,40,77,82,45,80,68,75,81,81,75,79,81,70,74,65,76,77,75,78,83,67,68,LB,3,2,Left,LM,23,Spain,LALIGA EA SPORTS,Girona FC,,,,,,,180,73,0.293905935460258
Reinildo,80,84,55,68,75,78,79,82,85,69,57,60,47,53,44,64,74,36,76,60,68,74,77,71,77,76,73,77,77,77,80,79,88,83,75,80,LB,3,3,Left,CB,30,Mozambique,LALIGA EA SPORTS,Atlético de Madrid,"Block, Bruiser, Intercept",,,,,,180,73,0.09683672570270557
Rayan Aït-Nouri,79,84,52,73,82,73,70,85,84,72,50,61,48,48,42,70,75,58,76,72,72,84,81,77,78,82,74,74,63,73,76,75,77,79,65,69,LB,3,4,Left,LM,23,Algeria,Premier League,Wolves,"Flair, Jockey, Technical",,,,,,180,70,0.43529201094881226
Grimaldo,86,74,73,88,85,76,71,77,71,79,67,84,83,63,54,85,93,89,87,85,89,85,84,86,86,86,83,79,62,76,78,74,73,90,63,69,LM,2,4,Left,"LB, LW",28,Spain,Bundesliga,Leverkusen,"Whipped Pass+, Dead Ball, Finesse Shot",,,,,,171,68,0.44984139571768433
Nico Williams,85,93,75,78,86,36,65,94,93,78,77,78,72,64,62,80,83,72,82,64,78,88,92,84,80,85,78,40,65,36,28,25,78,81,60,55,LM,5,4,Right,"RM, LW",22,Spain,LALIGA EA SPORTS,Athletic Club,"Rapid+, Finesse Shot, Flair, Quick Step, Relentless, Trivela",,,,,,181,67,0.5363874824620264
Kingsley Coman,84,89,75,79,87,30,62,92,87,81,74,82,72,78,65,80,80,70,80,73,83,88,91,84,84,87,78,23,61,29,27,21,79,68,66,38,LM,3,5,Right,"RM, LW",28,France,Bundesliga,FC Bayern München,"Rapid+, Acrobatic, First Touch, Flair, Quick Step",,,,,,181,75,0.29949775310600085
Lucas Paquetá,82,72,77,79,85,69,79,71,73,80,78,77,77,74,75,83,74,74,82,78,77,87,75,76,81,86,88,71,68,67,72,63,78,82,77,78,LM,4,5,Left,"CAM, LW",27,Brazil,Premier League,West Ham,"First Touch, Flair, Technical, Trivela",,,,,,180,72,0.4382765001321703
Filip Kostić,82,85,76,81,81,70,80,84,85,78,72,86,78,75,66,79,87,80,80,78,85,83,76,79,80,81,82,69,59,69,74,72,80,88,77,76,LM,2,3,Left,"LB, LW",31,Serbia,Serie A Enilive,Juventus,"Rapid, Whipped Pass",,,,,,184,84,0.2515860428231565
Jadon Sancho,82,79,69,78,89,32,50,83,76,79,75,60,59,78,74,84,75,62,84,65,83,91,90,90,81,87,83,31,38,34,30,25,57,75,47,25,LM,3,5,Right,"RM, LW",24,England,Premier League,Chelsea,"Technical+, Finesse Shot, Flair, Trickster, Trivela",,,,,,180,76,0.3601759065676595
Álex Berenguer,81,85,75,75,83,64,68,86,84,82,77,76,72,70,72,76,76,75,76,70,76,83,87,88,79,81,83,65,58,65,65,61,73,80,59,76,LM,4,3,Right,"RM, LW",29,Spain,LALIGA EA SPORTS,Athletic Club,"Finesse Shot, Rapid, Trivela",,,,,,175,73,0.2984810589885926
Alexandr Golovin,81,77,77,80,83,61,68,76,77,80,75,78,84,72,60,81,78,81,81,76,82,83,86,77,81,83,80,71,46,45,72,66,63,86,56,76,LM,4,4,Right,"CAM, LW",28,Russia,Ligue 1 McDonald's,AS Monaco,"Finesse Shot, First Touch, Incisive Pass, Technical",,,,,,178,69,0.4126685170499603
Kaoru Mitoma,81,84,73,75,85,57,65,89,79,77,79,69,68,69,63,81,76,62,80,59,71,87,89,79,77,84,79,57,52,56,59,54,73,75,62,58,LM,4,4,Right,LW,27,Japan,Premier League,Brighton,"Finesse Shot, Quick Step, Technical",,,,,,178,71,0.49354768942397803
Marcus Rashford,81,89,83,76,82,33,64,87,91,81,80,93,80,73,85,77,74,75,78,72,80,84,79,69,79,82,76,27,71,30,29,24,82,68,65,52,LM,3,5,Right,"ST, LW",26,England,Premier League,Man Utd,"Power Shot+, Flair, Quick Step, Technical",,,,,,186,70,0.4095707771609836
Raheem Sterling,81,85,78,75,85,42,65,88,83,85,79,78,77,65,70,76,76,78,77,68,79,86,93,92,82,81,76,38,48,38,48,40,71,76,65,52,LM,3,4,Right,"RM, LW",29,England,Premier League,Arsenal,"Finesse Shot, Quick Step, Rapid",,,,,,172,69,0.22184773988897724
Wilfried Zaha,81,86,78,73,85,37,75,85,86,77,80,83,72,68,76,74,74,54,76,69,73,86,86,72,76,86,80,35,47,34,39,36,74,74,74,78,LM,3,5,Right,LW,31,Côte d'Ivoire,Ligue 1 McDonald's,OL,"Flair, Quick Step, Technical, Trickster",,,,,,180,66,0.4448850118953214
Vincenzo Grifo,80,69,77,82,81,43,64,74,65,79,73,85,75,73,92,78,88,88,81,76,89,81,79,77,82,82,77,45,47,48,41,30,65,70,65,52,LM,2,4,Right,"CAM, LW",31,Italy,Bundesliga,SC Freiburg,"Dead Ball+, Finesse Shot, Incisive Pass, Long Ball Pass, Trivela, Whipped Pass",,,,,,180,80,0.45103776422653064
David Neres,80,86,75,75,86,43,64,87,85,74,74,79,75,74,69,79,73,52,78,69,79,86,88,87,78,85,85,44,45,47,41,34,70,73,64,53,LM,3,5,Left,"RM, CAM, LW",27,Brazil,Serie A Enilive,SSC Napoli,"Finesse Shot, Flair, Quick Step, Trickster, Trivela",,,,,,175,69,0.16580247666687017
Timo Werner,80,91,79,69,80,35,69,93,89,83,76,85,76,82,78,68,68,58,77,55,70,82,78,76,79,78,74,37,75,39,20,24,85,81,64,63,LM,4,3,Right,"ST, LW",28,Germany,Premier League,Spurs,"Quick Step, Rapid",,,,,,180,76,0.33187946074544006
Karim Adeyemi,79,96,73,71,81,34,70,96,96,77,73,76,72,71,70,71,70,62,74,67,67,82,86,82,77,79,76,31,70,25,34,35,90,80,67,59,LM,4,4,Left,"RM, ST, LW",22,Germany,Bundesliga,Borussia Dortmund,"Quick Step+, Acrobatic, Aerial, Flair, Rapid",,,,,,180,77,0.08802537668517074
Álex Baena,79,74,75,80,78,65,67,75,74,78,75,76,77,69,68,82,78,80,82,77,76,78,76,69,78,80,74,66,58,67,66,64,69,76,60,74,LM,4,3,Right,"ST, LW",23,Spain,LALIGA EA SPORTS,Villarreal CF,"Dead Ball, Flair, Incisive Pass, Technical",,,,,,174,69,0.2664551942902461
Samuel Lino,79,83,70,73,80,51,66,85,81,75,72,74,63,62,72,74,73,54,76,69,69,82,83,79,76,79,75,52,58,51,49,46,72,86,58,57,LM,3,3,Right,"LB, LW",24,Brazil,LALIGA EA SPORTS,Atlético de Madrid,,,,,,,170,69,0.03736011983434713
Stephan El Shaarawy,79,82,75,76,83,49,62,83,82,76,72,75,78,85,72,78,76,72,77,70,85,83,92,80,76,83,77,36,65,65,42,35,77,66,63,51,LM,3,4,Right,"LW, CAM",31,Italy,Serie A Enilive,AS Roma,"Finesse Shot, Rapid",,,,,,178,73,0.12857760795905182
Chris Führich,79,83,69,72,85,51,59,87,79,71,70,70,68,63,59,71,72,62,75,66,77,87,89,85,76,84,72,43,54,53,55,50,66,78,49,58,LM,4,4,Right,"LW, CAM",26,Germany,Bundesliga,VfB Stuttgart,"Flair, Technical, Trivela",,,,,,181,70,0.43893735130848593
Vini Jr.,90,95,84,81,91,29,69,95,95,87,89,81,83,73,71,85,81,62,83,77,79,93,94,84,86,90,83,26,50,32,25,18,74,84,65,58,LW,4,5,Right,"ST, LM",24,Brazil,LALIGA EA SPORTS,Real Madrid,"Quick Step+, Chip Shot, Finesse Shot, First Touch, Flair, Rapid, Trivela",,,,,,176,73,0.535289452815226
Rafael Leão,86,94,79,80,87,28,77,94,94,76,83,80,75,74,63,84,84,60,83,70,79,88,85,84,84,87,83,24,72,22,24,21,90,75,83,60,LW,4,5,Right,"LM, ST",25,Portugal,Serie A Enilive,Milano FC,"Rapid+, Finesse Shot, Flair, Incisive Pass, Quick Step, Trickster, Whipped Pass",,,,,,188,81,0.4654730677728297
Khvicha Kvaratskhelia,85,86,79,80,86,41,71,85,86,84,80,78,83,64,65,83,78,65,83,76,83,88,86,75,84,87,79,40,62,38,39,34,78,77,70,62,LW,5,5,Right,"RW, LM",23,Georgia,Serie A Enilive,SSC Napoli,"Finesse Shot, Flair, Incisive Pass, Technical, Trickster, Trivela",,,,,,183,70,0.46318550600866243
Luis Díaz,84,90,80,75,87,39,75,91,90,83,80,84,81,81,63,77,76,58,76,71,77,89,88,77,83,87,82,28,64,35,42,34,80,87,69,74,LW,4,4,Right,"RW, LM",27,Colombia,Premier League,Liverpool,"Flair, Quick Step, Technical",,,,,,180,73,0.7026169706582077
Jack Grealish,84,76,76,82,88,53,73,78,75,80,76,76,79,72,58,84,82,74,84,80,83,89,84,85,82,90,88,49,48,58,54,48,70,83,71,65,LW,3,4,Right,LM,29,England,Premier League,Manchester City,"Press Proven+, Finesse Shot, First Touch, Flair",,,,,,180,81,0.3025659907103211
Gabriel Martinelli,83,89,78,75,85,46,72,91,88,82,82,77,73,78,62,79,77,68,78,65,74,87,87,81,82,84,79,39,72,44,44,43,82,82,63,80,LW,3,4,Right,"RW, LM",23,Brazil,Premier League,Arsenal,"Finesse Shot, Flair, Quick Step, Technical, Trivela, Whipped Pass",,,,,,178,75,0.3408009516256941
Leandro Trossard,83,82,81,80,85,30,61,87,77,83,83,81,79,78,75,81,79,69,82,77,83,84,92,85,80,84,84,18,65,30,31,18,75,76,57,47,LW,5,4,Right,"ST, LM",29,Belgium,Premier League,Arsenal,"Flair, Rapid, Trivela",,,,,,171,67,0.3408009516256941
Mattia Zaccagni,83,87,77,75,88,57,66,90,85,79,79,78,76,74,61,77,75,51,78,76,70,88,93,87,83,87,83,58,66,55,58,52,79,75,63,61,LW,4,4,Right,"CAM, LM",29,Italy,Serie A Enilive,Latium,"Flair, Technical, Trivela",,,,,,177,63,0.48311997281069446
Anthony Gordon,82,91,78,76,81,49,71,89,92,80,80,78,75,74,65,78,80,75,77,66,79,83,79,70,83,81,80,39,59,48,55,48,75,87,61,74,LW,3,3,Right,LM,23,England,Premier League,Newcastle Utd,"Finesse Shot, Quick Step, Rapid",,,,,,183,72,0.4002775574940526
Savinho,82,88,72,77,84,30,53,90,87,78,76,69,67,63,62,79,80,55,81,70,78,87,90,76,77,83,74,25,45,26,30,36,62,73,45,45,LW,2,4,Left,LM,20,Brazil,Premier League,Manchester City,Technical,,,,,,176,71,0.1836127789736042
Bradley Barcola,80,88,74,75,81,34,64,87,88,79,77,74,69,73,66,79,75,59,79,63,73,83,86,64,79,80,80,29,69,25,37,28,77,73,59,60,LW,3,4,Right,"RW, LM",22,France,Ligue 1 McDonald's,Paris SG,"Finesse Shot, Flair, Rapid",,,,,,186,70,0.12767644726407665
Harvey Barnes,80,85,78,75,81,43,68,84,85,81,78,82,80,68,54,80,72,69,78,69,76,81,78,77,83,82,77,43,46,44,43,40,72,74,71,53,LW,4,3,Right,LM,26,England,Premier League,Newcastle Utd,Finesse Shot,,,,,,185,72,0.28132434575733567
Jérémy Doku,80,92,72,73,86,30,68,95,89,76,73,77,71,59,51,74,70,54,78,69,72,89,93,92,77,81,75,18,37,40,28,25,72,63,73,62,LW,3,4,Right,"RW, LM",22,Belgium,Premier League,Manchester City,"Rapid+, Flair, Quick Step, Trickster",,,,,,173,77,0.0646595672368873
João Félix,80,80,78,77,84,40,67,82,79,79,77,80,80,83,68,80,75,67,80,73,83,84,88,84,80,82,84,40,69,30,42,35,77,75,62,68,LW,4,5,Right,"ST, LM",24,Portugal,Premier League,Chelsea,"First Touch, Flair, Technical",,,,,,181,70,0.24122269483094264
Ferran Torres,80,84,78,76,81,35,68,87,81,83,80,79,75,74,74,78,76,60,77,77,76,81,84,78,82,80,82,34,75,35,24,28,85,72,69,54,LW,4,4,Right,"RW, ST, LM",24,Spain,LALIGA EA SPORTS,FC Barcelona,"Finesse Shot, Technical",,,,,,184,77,0.1498810467882639
Yoane Wissa,79,85,79,70,79,29,71,83,87,79,81,76,76,80,79,72,72,54,76,61,57,80,83,73,76,80,74,31,66,25,24,19,78,78,68,67,LW,3,3,Right,"ST, LM",28,Congo DR,Premier League,Brentford,"Acrobatic, Rapid",,,,,,176,74,0.4210943695479777
Saïd Benrahma,78,73,75,75,82,40,57,78,69,76,72,85,76,64,75,78,74,69,77,68,73,83,85,83,75,82,76,40,47,45,35,36,61,70,53,52,LW,4,4,Right,LM,29,Algeria,Ligue 1 McDonald's,OL,"Finesse Shot, Flair, Technical, Trivela",,,,,,172,67,0.2664551942902461
Jérémie Boga,77,85,70,72,82,39,64,90,80,71,67,80,73,60,58,69,72,69,74,69,78,84,88,82,68,81,75,41,59,28,44,34,77,67,64,56,LW,3,4,Right,"ST, LM",27,Côte d'Ivoire,Ligue 1 McDonald's,OGC Nice,"Finesse Shot, Rapid",,,,,,172,68,0.2504422619410724
Sofiane Diop,76,70,70,75,81,54,53,73,68,76,68,76,72,62,60,77,77,74,76,68,77,82,81,84,74,81,77,56,39,55,58,46,47,76,37,68,LW,3,4,Right,"CAM, LM",24,Morocco,Ligue 1 McDonald's,OGC Nice,"Flair, Technical",,,,,,175,65,0.19096565607271396
Jesper Karlsson,76,77,74,71,80,35,55,79,76,72,71,77,79,76,77,72,71,75,71,66,82,80,84,83,73,80,75,35,44,32,36,34,63,72,46,54,LW,3,4,Right,LM,26,Sweden,Serie A Enilive,Bologna,"Acrobatic, Flair, Power Shot, Technical, Trickster, Trivela",,,,,,178,68,0.1753816415543222
Carvajal,86,81,58,79,81,81,79,82,81,75,56,68,52,53,45,78,85,47,84,74,77,78,78,84,85,85,83,81,76,80,84,83,85,84,74,85,RB,3,3,Right,,32,Spain,LALIGA EA SPORTS,Real Madrid,"Block, Whipped Pass",,,,,,173,73,0.2973830293417922
Trent Alexander-Arnold,86,75,72,90,80,80,74,72,78,79,64,85,76,68,66,89,93,85,89,92,88,79,73,72,85,85,82,84,69,78,82,78,75,89,68,69,RB,4,3,Right,,25,England,Premier League,Liverpool,"Whipped Pass+, Dead Ball, Incisive Pass, Long Ball Pass, Relentless",,,,,,180,72,0.8215701823949246
Joshua Kimmich,86,69,74,88,84,81,77,77,62,78,68,78,83,69,69,85,91,79,88,91,85,82,83,84,88,85,86,85,72,81,82,83,79,88,68,86,RB,4,3,Right,"CDM, CM",29,Germany,Bundesliga,FC Bayern München,"Long Ball Pass+, Anticipate, Finesse Shot, Press Proven, Relentless, Whipped Pass",,,,,,177,75,0.41845096484271777
Jules Koundé,85,84,45,70,75,86,80,85,83,47,47,48,40,32,43,62,68,26,82,75,55,72,71,74,86,77,82,86,80,87,86,84,90,78,80,78,RB,3,3,Right,CB,25,France,LALIGA EA SPORTS,FC Barcelona,"Jockey+, Quick Step, Relentless, Slide Tackle",,,,,,180,75,0.44726407613005614
Achraf Hakimi,84,91,76,80,80,75,78,89,93,78,75,82,75,74,64,78,84,77,82,73,77,79,81,77,82,82,83,78,68,75,76,76,82,92,72,76,RB,4,4,Right,,25,Morocco,Ligue 1 McDonald's,Paris SG,"Quick Step, Whipped Pass",,,,,,181,73,0.36558287073751045
Kyle Walker,84,89,64,77,78,79,81,84,93,68,51,87,69,57,63,69,77,71,81,80,76,78,66,69,85,82,75,78,72,75,85,83,87,81,80,84,RB,2,3,Right,,34,England,Premier League,Manchester City,"Jockey, Long Throw, Rapid",,,,,,183,83,0.3025659907103211
Benjamin White,84,73,35,77,78,83,80,70,75,59,30,53,27,23,24,76,77,20,84,82,64,78,68,61,84,83,83,84,78,83,84,82,83,83,78,81,RB,4,2,Right,CB,26,England,Premier League,Arsenal,Block,,,,,,185,77,0.4002775574940526
Pedro Porro,83,82,73,80,81,78,77,80,84,81,68,83,75,64,66,80,84,78,80,77,83,82,80,71,81,83,79,78,69,77,81,77,79,91,71,75,RB,3,3,Right,,25,Spain,Premier League,Spurs,"Rapid, Relentless, Whipped Pass",,,,,,173,69,0.5103092783505154
Kieran Trippier,83,67,65,85,78,81,72,71,64,77,54,81,71,58,66,84,90,87,82,84,87,76,66,79,83,83,81,81,79,79,83,80,79,85,64,75,RB,4,3,Right,,33,England,Premier League,Newcastle Utd,"Whipped Pass+, Dead Ball, Long Ball Pass, Long Throw",,,,,,173,71,0.45975416336241104
Diogo Dalot,82,85,63,77,80,79,79,84,86,78,54,82,71,44,47,78,79,52,79,74,81,81,76,71,80,81,76,79,77,76,80,82,88,83,75,81,RB,4,4,Right,LB,25,Portugal,Premier League,Man Utd,"Slide Tackle, Technical",,,,,,183,76,0.46904738302934207
Giovanni Di Lorenzo,82,83,67,73,76,79,80,82,84,70,66,72,69,60,59,68,76,68,76,72,67,76,76,78,78,77,74,80,71,79,81,79,85,87,77,79,RB,3,3,Right,RM,31,Italy,Serie A Enilive,SSC Napoli,"First Touch, Rapid, Relentless, Whipped Pass",,,,,,183,82,0.28475568840358706
Denzel Dumfries,82,83,66,73,74,78,88,77,87,78,70,70,59,51,50,64,79,44,78,73,72,74,69,61,81,78,74,76,85,76,79,78,94,89,89,83,RB,3,2,Right,RM,28,Holland,Serie A Enilive,Lombardia FC,"Quick Step, Relentless",,,,,,188,80,0.16953035509736544
Reece James,82,78,72,83,82,82,82,76,79,77,67,85,70,67,65,82,88,75,83,80,83,83,72,88,81,84,83,80,74,83,84,80,88,67,88,83,RB,4,3,Right,,24,England,Premier League,Chelsea,"Bruiser, Jockey, Whipped Pass",,,,,,179,91,0.3601759065676595
Nahuel Molina,82,85,67,75,78,78,71,84,85,77,67,70,67,62,45,76,80,44,80,69,68,77,82,76,79,80,76,80,64,79,79,77,76,86,61,74,RB,3,3,Right,,26,Argentina,LALIGA EA SPORTS,Atlético de Madrid,"Block, Whipped Pass",,,,,,175,70,0.21578993743942249
Matteo Darmian,81,72,62,75,76,80,75,68,76,78,60,69,60,65,49,70,74,40,84,76,75,72,79,80,83,80,79,80,76,80,81,80,79,79,70,80,RB,5,3,Right,"CB, RM",34,Italy,Serie A Enilive,Lombardia FC,Relentless,,,,,,183,70,0.11005374922900699
Benjamin Henrichs,81,74,54,76,78,79,74,75,73,70,50,62,51,53,59,74,80,49,81,72,74,80,75,69,80,78,78,78,66,78,82,85,78,75,74,72,RB,4,3,Right,"RM, LB",27,Germany,Bundesliga,RB Leipzig,"Block, Bruiser, Incisive Pass, Jockey, Slide Tackle",,,,,,183,79,0.20697858842188763
Noussair Mazraoui,81,78,66,77,83,77,71,83,73,80,69,68,61,56,44,77,79,42,83,76,69,83,86,74,79,84,79,81,65,76,77,81,78,76,68,69,RB,3,3,Right,LB,26,Morocco,Premier League,Man Utd,"Anticipate, Flair, Intercept, Jockey, Technical",,,,,,183,65,0.4095707771609836
Lucas Vázquez,81,81,74,80,81,74,69,81,81,80,73,80,76,58,56,79,83,71,82,76,83,82,81,82,81,80,75,76,58,76,75,74,70,92,56,72,RB,4,4,Right,,33,Spain,LALIGA EA SPORTS,Real Madrid,"Block, Rapid, Whipped Pass",,,,,,173,70,0.0
Davide Calabria,80,78,57,70,76,79,71,80,77,51,48,68,71,60,48,64,76,48,74,69,73,73,80,81,78,77,78,80,64,81,81,80,74,80,62,80,RB,3,3,Right,,27,Italy,Serie A Enilive,Milano FC,,,,,,,177,70,0.10861343256267904
Jonathan Clauss,80,88,69,76,78,73,69,85,91,75,68,77,68,56,52,75,84,76,76,67,77,76,83,77,82,79,77,73,62,72,76,74,76,82,63,67,RB,3,3,Right,RM,31,France,Ligue 1 McDonald's,OGC Nice,"Anticipate, Long Throw, Relentless, Whipped Pass",,,,,,178,69,0.42887207954614776
Cole Palmer,85,75,82,83,86,50,66,73,77,86,84,81,80,67,89,86,78,74,86,82,85,88,78,75,84,87,87,52,62,45,53,40,71,78,61,60,RM,3,4,Left,"CAM, RW",22,England,Premier League,Chelsea,"Finesse Shot, First Touch, Flair, Incisive Pass, Technical, Whipped Pass",,,,,,189,74,0.5386057241727349
Leroy Sané,85,90,83,80,86,37,70,89,91,82,83,87,81,84,65,81,81,80,82,72,83,87,87,82,83,85,83,34,64,36,32,35,72,78,67,65,RM,2,4,Left,"LM, RW",28,Germany,Bundesliga,FC Bayern München,"Finesse Shot, Flair, Power Shot, Quick Step, Rapid",,,,,,183,80,0.3589743589743593
Jeremie Frimpong,84,93,62,75,86,75,69,96,91,81,67,62,53,51,43,74,84,47,78,64,77,86,91,90,84,84,80,78,52,78,78,77,73,85,58,77,RM,3,3,Right,"RB, RW",23,Holland,Bundesliga,Leverkusen,"Flair, Quick Step, Rapid",,,,,,172,65,0.3308881839809675
Marcos Llorente,83,89,79,78,80,79,81,87,91,79,80,84,79,66,65,79,76,63,81,80,75,81,83,68,81,80,79,83,67,79,82,74,84,91,77,80,RM,4,3,Right,"RB, CM, RW",29,Spain,LALIGA EA SPORTS,Atlético de Madrid,"Power Shot, Quick Step, Rapid, Relentless, Whipped Pass",,,,,,184,74,0.27526654330778094
Donyell Malen,83,89,81,74,85,35,72,93,86,84,84,86,72,81,74,75,74,61,79,64,76,86,87,86,82,85,79,31,67,29,33,35,84,77,72,65,RM,4,4,Right,"ST, LM, RW",25,Holland,Bundesliga,Borussia Dortmund,"First Touch, Flair, Quick Step, Technical, Trivela",,,,,,176,68,0.3259318001586045
Viktor Tsygankov,83,85,80,81,82,46,62,85,85,82,82,78,77,72,81,82,83,76,82,77,81,83,83,72,80,83,80,39,45,60,39,37,64,77,53,63,RM,4,4,Left,"CM, CAM, RW",26,Ukraine,LALIGA EA SPORTS,Girona FC,"Flair, Quick Step, Technical",,,,,,178,72,0.4723357530653334
Leon Bailey,82,90,78,77,86,38,62,93,87,81,79,79,77,73,71,82,77,79,78,65,79,88,91,88,80,85,75,28,57,45,34,29,76,68,61,55,RM,2,4,Left,"ST, RW",27,Jamaica,Premier League,Aston Villa,"Flair, Quick Step, Technical",,,,,,178,77,0.4342641894188287
Jarrod Bowen,82,77,81,76,81,46,70,79,76,82,84,80,78,73,72,77,79,70,78,68,75,81,79,81,83,82,80,37,82,49,41,37,85,83,66,62,RM,3,4,Left,"ST, RW",27,England,Premier League,West Ham,Technical,,,,,,175,70,0.4382765001321703
Serge Gnabry,82,80,83,78,84,43,66,84,77,84,84,86,80,83,70,80,77,62,83,73,74,85,85,88,82,82,82,38,42,45,44,43,68,66,69,58,RM,4,4,Right,"ST, LM, RW",29,Germany,Bundesliga,FC Bayern München,Technical,,,,,,176,77,0.18054454136928397
Mohammed Kudus,82,90,77,73,86,60,75,92,88,78,77,81,74,76,64,75,70,49,77,73,67,89,86,92,79,84,77,59,55,60,66,46,74,79,76,68,RM,3,4,Left,"CAM, LM, RW",24,Ghana,Premier League,West Ham,"First Touch, Flair, Technical",,,,,,177,70,0.4382765001321703
Dejan Kulusevski,82,75,77,80,83,57,80,76,74,79,76,76,81,80,65,83,83,61,83,72,85,85,75,69,81,84,84,54,52,55,64,55,75,90,80,67,RM,3,4,Left,"RW, CAM",24,Sweden,Premier League,Spurs,"Finesse Shot, Flair",,,,,,186,80,0.4508326724821569
Michael Olise,82,80,77,82,84,53,56,82,79,79,79,76,76,68,70,84,82,77,83,79,81,84,91,86,77,83,81,55,36,52,58,53,56,68,46,68,RM,2,4,Left,"RW, CAM",22,France,Bundesliga,FC Bayern München,"Dead Ball, Finesse Shot, Flair, Incisive Pass, Technical, Trivela, Whipped Pass",,,,,,184,73,0.18054454136928397
Iñaki Williams,82,94,81,72,80,45,84,93,94,85,82,85,76,79,68,73,78,58,74,62,80,83,77,62,83,80,78,30,80,42,48,38,95,88,84,76,RM,3,4,Right,"ST, RW",30,Ghana,LALIGA EA SPORTS,Athletic Club,"Chip Shot, Finesse Shot, Quick Step, Rapid, Trivela",,,,,,186,80,0.3579576648569511
Riccardo Orsolini,81,79,80,78,83,49,67,81,78,78,78,83,84,79,74,77,84,75,77,72,82,85,83,76,76,83,76,40,61,54,48,38,78,74,72,45,RM,4,4,Left,RW,27,Italy,Serie A Enilive,Bologna,"Dead Ball, Flair, Technical",,,,,,183,83,0.47276467089611446
Isi Palazón,81,84,78,79,81,39,64,87,82,78,79,75,81,65,78,80,80,76,80,77,75,82,86,81,76,81,76,41,35,39,41,37,65,72,64,55,RM,3,3,Left,"CAM, LM, RW",29,Spain,LALIGA EA SPORTS,Rayo Vallecano,"First Touch, Rapid",,,,,,169,71,0.42753766851704994
Yan Couto,80,85,61,76,81,72,64,86,84,75,61,65,58,45,55,75,83,43,79,74,77,83,85,83,73,80,65,73,51,73,76,74,69,80,55,66,RM,3,3,Right,"RB, RW",22,Brazil,Bundesliga,Borussia Dortmund,"Quick Step, Technical, Whipped Pass",,,,,,168,60,0.1475019825535292
Suso,80,72,76,80,83,32,51,73,71,78,74,77,82,72,72,79,82,81,81,75,83,84,79,82,76,85,76,20,50,48,23,18,60,62,50,38,RM,3,4,Left,"CAM, CM, RW",30,Spain,LALIGA EA SPORTS,Sevilla FC,"Finesse Shot, Incisive Pass, Technical",,,,,,177,70,0.4551395991140037
Mason Greenwood,79,83,80,75,81,36,60,82,83,79,80,86,79,72,69,76,72,75,77,73,78,83,85,75,72,81,75,34,63,27,39,33,75,67,60,49,RM,5,4,Left,"ST, LM, RW",22,England,Ligue 1 McDonald's,OM,"Finesse Shot, Flair, Power Shot, Technical, Trivela",,,,,,181,70,0.3320845524898137
Franck Honorat,79,80,77,77,78,53,63,80,80,73,74,88,78,74,68,76,90,60,74,71,80,79,78,75,72,78,74,59,59,53,46,51,68,84,54,57,RM,3,4,Right,RW,28,France,Bundesliga,M'gladbach,"Power Shot, Technical, Trivela, Whipped Pass",,,,,,180,70,0.3925455987311663
Edon Zhegrova,79,85,71,76,82,25,62,92,79,75,69,78,75,62,51,76,78,74,76,70,80,84,90,79,75,80,76,20,36,32,21,18,66,69,61,54,RM,2,4,Left,RW,25,Kosovo,Ligue 1 McDonald's,LOSC Lille,"Finesse Shot, First Touch, Flair, Technical, Trivela, Whipped Pass",,,,,,181,66,0.3327944854511073
Mohamed Salah,89,89,87,82,88,45,75,89,89,92,90,82,84,83,81,85,80,69,86,77,84,88,89,91,93,86,88,55,59,38,43,41,79,87,73,63,RW,3,4,Left,RM,32,Egypt,Premier League,Liverpool,"Finesse Shot+, Chip Shot, Rapid, Trivela",,,,,,175,72,1.0
Phil Foden,88,86,86,85,90,57,63,89,83,85,88,89,89,59,64,86,80,74,88,84,88,90,92,92,85,91,86,59,47,60,59,47,66,83,53,64,RW,3,4,Left,"LW, CAM, RM",24,England,Premier League,Manchester City,"Technical+, First Touch, Flair",,,,,,171,69,0.5404724141837549
Bukayo Saka,87,85,83,81,88,60,70,88,83,82,84,79,83,79,87,86,85,69,83,70,84,89,85,88,85,88,82,62,49,60,62,60,71,86,63,68,RW,4,3,Left,RM,23,England,Premier League,Arsenal,"Finesse Shot, Flair, Technical, Whipped Pass",,,,,,178,65,0.578707375099128
Rodrygo,86,89,81,79,88,31,64,90,88,84,86,76,77,67,82,83,79,73,80,73,80,89,87,84,84,87,85,21,67,24,34,30,77,81,59,54,RW,4,4,Right,"ST, RM",23,Brazil,LALIGA EA SPORTS,Real Madrid,"Dead Ball, Finesse Shot, Flair, Technical",,,,,,174,64,0.2973830293417922
Ousmane Dembélé,86,92,75,82,88,41,57,94,91,80,72,83,74,76,75,85,86,64,83,78,84,89,94,81,82,87,82,38,43,42,42,34,65,69,52,54,RW,5,5,Left,"CAM, RM",27,France,Ligue 1 McDonald's,Paris SG,"Rapid+, Flair, Pinged Pass, Quick Step, Trickster",,,,,,178,67,0.48453608247422736
Federico Chiesa,84,93,83,76,86,52,75,92,93,84,84,86,83,84,62,77,75,62,78,76,78,87,90,84,84,83,82,54,53,51,51,48,76,84,70,74,RW,4,4,Right,"LW, ST, RM",26,Italy,Premier League,Liverpool,"Finesse Shot, Flair, Quick Step, Rapid, Trivela",,,,,,175,70,0.7026169706582077
Raphinha,84,91,79,78,86,53,73,90,91,83,78,83,79,72,78,80,80,79,78,74,81,87,88,79,84,85,80,55,74,47,54,38,83,86,65,76,RW,4,4,Left,"LW, RM",27,Brazil,LALIGA EA SPORTS,FC Barcelona,"Finesse Shot, Flair, Power Shot, Quick Step, Rapid, Relentless, Trickster",,,,,,176,68,0.3877874702616977
Christian Pulisic,83,88,82,78,86,37,63,91,85,80,84,81,79,74,80,79,78,75,80,70,83,85,90,86,84,86,83,33,50,38,32,48,69,76,54,70,RW,5,4,Right,"RM, LW",25,United States,Serie A Enilive,Milano FC,"Finesse Shot, Flair, Rapid",,,,,,177,69,0.2870432501677544
Marco Asensio,81,76,79,81,83,43,63,78,74,80,77,81,87,79,62,80,81,76,81,82,84,83,78,76,80,86,82,45,57,40,42,39,71,74,63,45,RW,3,4,Left,"CM, RM",28,Spain,Ligue 1 McDonald's,Paris SG,"Finesse Shot, Incisive Pass, Whipped Pass",,,,,,182,76,0.1871530531324351
Takefusa Kubo,81,84,76,76,83,40,60,89,79,79,81,73,74,67,63,76,77,74,78,74,75,84,86,83,79,84,72,28,49,40,43,46,69,74,58,43,RW,4,4,Left,"ST, RM",23,Japan,LALIGA EA SPORTS,Real Sociedad,"Finesse Shot, First Touch, Flair, Technical",,,,,,173,64,0.506412535207416
Lamine Yamal,81,82,75,76,82,23,48,84,81,77,76,77,79,49,69,77,81,65,79,64,79,84,87,74,79,82,65,18,33,23,20,28,55,57,45,42,RW,3,4,Left,"LW, RM",17,Spain,LALIGA EA SPORTS,FC Barcelona,"Finesse Shot, Flair, Quick Step, Technical",,,,,,180,65,0.20935765265662235
Samuel Chukwueze,80,88,74,74,83,36,61,91,86,78,75,78,72,70,55,76,76,58,77,66,73,86,85,83,77,82,72,33,44,40,32,33,68,67,62,47,RW,2,4,Left,RM,25,Nigeria,Serie A Enilive,Milano FC,"Flair, Quick Step, Rapid",,,,,,172,70,0.10861343256267904
Nicolás González,80,85,76,73,83,45,62,83,86,81,80,75,65,68,85,69,78,54,80,66,65,85,80,78,76,85,76,39,80,38,46,39,79,73,52,67,RW,2,4,Left,"RM, LW",26,Argentina,Serie A Enilive,Juventus,"First Touch, Technical, Trivela",,,,,,180,72,0.13263283108643958
Bryan Mbeumo,80,84,80,74,80,49,76,87,82,84,81,83,76,79,81,76,77,72,73,69,74,81,90,79,76,78,76,52,63,53,41,37,81,80,71,82,RW,2,4,Left,"ST, RM",25,Cameroon,Premier League,Brentford,"Quick Step, Rapid",,,,,,171,75,0.48057097541633614
Matteo Politano,80,80,78,78,83,42,54,81,79,76,78,78,80,75,70,74,80,77,80,76,79,81,89,88,81,83,79,38,40,63,29,29,53,75,40,63,RW,4,4,Left,RM,31,Italy,Serie A Enilive,SSC Napoli,"Technical, Trivela, Whipped Pass",,,,,,171,65,0.16580247666687017
Romain Del Castillo,79,84,76,78,81,42,65,79,88,78,74,78,78,69,74,77,78,70,80,76,82,82,90,81,72,80,78,35,63,32,48,45,74,66,62,69,RW,3,3,Left,RM,28,France,Ligue 1 McDonald's,Stade Brestois 29,"Flair, Technical, Trivela, Whipped Pass",,,,,,172,65,0.3925455987311663
Pedro Neto,79,88,74,72,83,31,59,89,87,75,75,77,73,68,62,76,76,56,75,62,68,84,90,90,74,81,69,41,49,32,23,17,68,70,55,55,RW,4,4,Left,"LW, ST, RM",24,Portugal,Premier League,Chelsea,"Quick Step, Rapid",,,,,,172,62,0.18174608896258418
Dodi Lukébakio,79,84,78,70,82,31,59,82,86,77,77,83,75,74,80,70,73,68,73,60,76,85,77,71,74,83,76,26,55,31,29,24,74,64,68,28,RW,3,4,Left,"ST, LW, RM",26,Belgium,LALIGA EA SPORTS,Sevilla FC,"Flair, Technical",,,,,,187,77,0.39566299324564524
Miguel Almirón,78,87,75,73,80,57,65,89,86,77,75,78,72,75,69,74,73,66,75,67,78,81,86,69,77,79,75,59,43,62,59,49,62,88,52,69,RW,1,4,Left,RM,30,Paraguay,Premier League,Newcastle Utd,"Finesse Shot, Quick Step, Rapid, Relentless",,,,,,174,70,0.1623711340206188
Gaëtan Laborde,78,70,79,76,79,40,79,71,70,81,79,82,75,84,69,78,75,59,80,72,75,79,79,63,78,81,79,36,84,38,34,23,88,88,76,72,RW,4,3,Left,"ST, RM",30,France,Ligue 1 McDonald's,OGC Nice,"Flair, Power Header, Relentless, Trivela",,,,,,181,78,0.30991886780943084
Kylian Mbappé,91,97,90,80,92,36,78,97,97,93,94,90,83,84,84,83,78,69,86,71,80,93,93,82,93,92,88,38,73,26,34,32,88,88,77,64,ST,4,5,Right,LW,25,France,LALIGA EA SPORTS,Real Madrid,"Quick Step+, Acrobatic, Finesse Shot, Flair, Rapid, Trivela",,,,,,182,75,0.5947660586835845
Erling Haaland,91,88,92,70,81,45,88,80,94,96,96,94,83,90,90,74,58,62,77,66,77,79,77,69,94,83,87,43,83,38,47,29,92,76,93,88,ST,3,3,Left,,24,Norway,Premier League,Manchester City,"Acrobatic+, Bruiser, Power Header, Power Shot, Press Proven",,,,,,195,94,0.7189022317888303
Harry Kane,90,65,93,84,83,49,82,64,66,94,95,94,89,89,93,86,80,69,86,88,82,82,66,73,94,87,92,42,91,46,46,38,87,75,86,80,ST,4,3,Right,,31,England,Bundesliga,FC Bayern München,"Finesse Shot+, First Touch, Incisive Pass, Long Ball Pass, Power Header, Trivela",,,,,,188,86,0.6563573883161515
Lautaro Martínez,89,82,88,75,87,54,85,84,80,92,93,87,80,92,74,79,68,65,79,73,80,85,89,92,92,89,88,48,86,55,51,44,93,83,85,87,ST,4,4,Right,,27,Argentina,Serie A Enilive,Lombardia FC,"Finesse Shot+, Power Shot, Relentless, Technical",,,,,,174,72,0.5858665961758746
Antoine Griezmann,88,80,88,87,89,59,75,81,80,90,90,85,87,86,79,88,82,85,89,86,89,88,89,84,90,91,89,59,85,45,63,64,85,86,69,74,ST,3,4,Left,,33,France,LALIGA EA SPORTS,Atlético de Madrid,"Finesse Shot+, Acrobatic, Chip Shot, Flair, Incisive Pass, Technical, Trivela",,,,,,176,73,0.5726495726495732
Robert Lewandowski,88,75,88,79,86,44,84,76,75,90,90,89,82,86,90,81,76,84,84,70,79,85,77,83,89,90,87,49,88,35,42,19,92,76,89,81,ST,4,4,Right,,36,Poland,LALIGA EA SPORTS,FC Barcelona,"Chip Shot+, Finesse Shot, First Touch, Incisive Pass, Power Header, Power Shot, Trivela",,,,,,185,81,0.6256938937351315
Victor Osimhen,87,89,84,65,81,42,82,85,92,92,88,86,74,83,75,70,62,52,72,54,63,80,78,67,89,84,80,34,86,36,45,22,94,81,86,68,ST,4,3,Right,,25,Nigeria,Serie A Enilive,SSC Napoli,"Acrobatic, Chip Shot, Power Header, Rapid",,,,,,186,77,0.5821387177453793
Heung Min Son,87,87,89,81,85,42,73,86,88,91,90,89,89,83,75,82,84,74,83,72,87,87,81,74,90,85,88,39,72,45,34,33,82,88,69,62,ST,5,4,Right,LM,32,Korea Republic,Premier League,Spurs,"Finesse Shot+, Quick Step, Rapid",,,,,,183,78,0.7482157018239491
Alexander Isak,85,85,84,73,86,39,74,83,87,86,87,82,78,79,83,80,68,65,78,60,75,88,80,69,85,87,86,38,78,35,34,29,88,78,77,58,ST,5,4,Right,,24,Sweden,Premier League,Newcastle Utd,"Finesse Shot, First Touch, Flair, Rapid",,,,,,192,77,0.578707375099128
Loïs Openda,85,93,84,69,81,31,79,94,92,86,87,85,77,78,75,69,69,53,75,59,66,79,82,85,84,83,81,26,79,29,23,19,93,79,80,74,ST,4,3,Right,,24,Belgium,Bundesliga,RB Leipzig,"Finesse Shot, Quick Step, Rapid, Trivela",,,,,,177,75,0.4448850118953214
Diogo Jota,85,82,82,75,84,57,79,85,80,88,85,86,76,79,69,78,73,58,77,72,77,83,86,87,88,85,83,56,86,53,57,45,91,80,75,85,ST,5,4,Right,LW,27,Portugal,Premier League,Liverpool,"Rapid, Relentless",,,,,,178,70,0.7620935765265662
Ollie Watkins,85,85,83,73,80,50,83,79,89,87,86,84,76,80,74,77,67,63,79,64,74,81,79,76,85,79,81,55,84,45,46,36,91,88,82,76,ST,4,3,Right,,28,England,Premier League,Aston Villa,"Chip Shot, Rapid, Relentless",,,,,,180,70,0.6126940070239041
Julián Álvarez,84,85,84,80,85,57,78,86,85,84,84,88,81,79,78,81,77,80,80,77,87,83,87,87,86,86,84,52,72,60,55,46,83,85,70,86,ST,4,4,Right,CAM,24,Argentina,LALIGA EA SPORTS,Atlético de Madrid,"Press Proven+, Finesse Shot, Flair",,,,,,170,71,0.33474314917613934
Iago Aspas,84,81,86,79,86,35,65,78,83,88,90,82,81,82,82,81,80,83,79,73,79,87,84,72,86,87,85,39,77,39,21,18,80,69,61,65,ST,4,3,Left,,37,Spain,LALIGA EA SPORTS,RC Celta,"Chip Shot+, Dead Ball, Finesse Shot, Incisive Pass, Trivela",,,,,,176,67,0.7788690294637957
Artem Dovbyk,84,84,85,69,79,34,81,81,86,85,88,89,78,67,84,72,48,58,80,70,63,81,74,72,80,79,83,25,86,32,28,23,95,75,86,74,ST,4,3,Left,,27,Ukraine,Serie A Enilive,AS Roma,Power Header,,,,,,189,78,0.42596063730084405
Serhou Guirassy,84,69,86,71,80,39,79,66,71,89,89,87,81,81,85,75,56,67,81,66,72,80,67,77,85,84,87,29,83,42,29,34,87,71,85,73,ST,4,3,Right,,28,Guinea,Bundesliga,Borussia Dortmund,"Chip Shot+, Aerial, Finesse Shot, First Touch, Power Header, Trivela",,,,,,187,82,0.38540840602696297
Dušan Vlahović,84,78,84,69,79,29,83,76,79,87,86,84,83,79,80,70,57,89,75,60,78,80,63,53,86,84,81,24,83,19,26,24,92,77,87,78,ST,3,3,Left,,24,Serbia,Serie A Enilive,Juventus,"Chip Shot, Dead Ball, Finesse Shot, Flair",,,,,,190,75,0.37053925455987335
Cody Gakpo,83,82,83,78,83,48,75,84,81,82,83,86,83,77,68,80,83,76,79,70,78,86,75,67,81,85,83,45,81,46,48,31,91,76,78,63,ST,4,4,Right,LW,25,Holland,Premier League,Liverpool,"Press Proven, Trivela",,,,,,189,76,0.6431403647898493
Kai Havertz,83,77,81,80,82,49,72,74,79,86,83,79,78,80,83,82,75,53,84,80,84,84,75,54,84,86,84,43,83,45,47,41,86,77,75,56,ST,4,4,Left,CM,25,Germany,Premier League,Arsenal,"Aerial, Chip Shot, First Touch, Technical, Trivela",,,,,,193,82,0.3408009516256941
Morata,83,82,81,73,80,31,79,81,83,87,82,83,76,82,75,77,72,52,77,63,78,80,74,63,84,83,79,26,87,37,14,20,94,79,81,69,ST,4,3,Right,,31,Spain,Serie A Enilive,Milano FC,"Rapid, Relentless",,,,,,190,84,0.2870432501677544
